[
    {
        "domain": "jira.refinitiv.com",
        "expirationDate": 1685699828.587426,
        "hostOnly": true,
        "httpOnly": false,
        "name": "AWSALBCORS",
        "path": "/",
        "sameSite": "no_restriction",
        "secure": true,
        "session": false,
        "storeId": null,
        "value": "CKbvCyj0EMAPs+Akz0eLVkDvEP/LrvxgmUjhYDSU/RvV4EwxzffDXu/4gJtnbWFG55NUamjO6Dac+i0WYr/qxi6dx77oDWuCf8GJqqiALZkYF+oF/Zx0nnu/kqd/"
    },
    {
        "domain": ".refinitiv.com",
        "expirationDate": 1719652368.634756,
        "hostOnly": false,
        "httpOnly": false,
        "name": "_ga",
        "path": "/",
        "sameSite": "lax",
        "secure": true,
        "session": false,
        "storeId": null,
        "value": "GA1.2.31288484.1679899115"
    },
    {
        "domain": "jira.refinitiv.com",
        "expirationDate": 1685699828.587329,
        "hostOnly": true,
        "httpOnly": false,
        "name": "AWSALB",
        "path": "/",
        "sameSite": null,
        "secure": false,
        "session": false,
        "storeId": null,
        "value": "CKbvCyj0EMAPs+Akz0eLVkDvEP/LrvxgmUjhYDSU/RvV4EwxzffDXu/4gJtnbWFG55NUamjO6Dac+i0WYr/qxi6dx77oDWuCf8GJqqiALZkYF+oF/Zx0nnu/kqd/"
    },
    {
        "domain": ".refinitiv.com",
        "expirationDate": 1685178768,
        "hostOnly": false,
        "httpOnly": false,
        "name": "_gid",
        "path": "/",
        "sameSite": "lax",
        "secure": true,
        "session": false,
        "storeId": null,
        "value": "GA1.2.937189183.1685092369"
    },
    {
        "domain": "jira.refinitiv.com",
        "hostOnly": true,
        "httpOnly": false,
        "name": "atlassian.xsrf.token",
        "path": "/",
        "sameSite": "no_restriction",
        "secure": true,
        "session": true,
        "storeId": null,
        "value": "AO8E-46DU-FA00-C8Y3_feca18184b9357ddad95e87e635fb9c93a79d5f3_lin"
    },
    {
        "domain": "jira.refinitiv.com",
        "hostOnly": true,
        "httpOnly": false,
        "name": "DWRSESSIONID",
        "path": "/",
        "sameSite": null,
        "secure": false,
        "session": true,
        "storeId": null,
        "value": "fhZ*WGCxcFl798YP7ELS01uL8xo"
    },
    {
        "domain": "jira.refinitiv.com",
        "hostOnly": true,
        "httpOnly": true,
        "name": "JSESSIONID",
        "path": "/",
        "sameSite": null,
        "secure": true,
        "session": true,
        "storeId": null,
        "value": "F4474AAA8AF6A642CB89284C9F8B95CB"
    },
    {
        "domain": "jira.refinitiv.com",
        "hostOnly": true,
        "httpOnly": false,
        "name": "lastViewedForm-EENA",
        "path": "/",
        "sameSite": "no_restriction",
        "secure": true,
        "session": true,
        "storeId": null,
        "value": "{}"
    },
    {
        "domain": "jira.refinitiv.com",
        "expirationDate": 1686034647.225999,
        "hostOnly": true,
        "httpOnly": true,
        "name": "seraph.rememberme.cookie",
        "path": "/",
        "sameSite": null,
        "secure": true,
        "session": false,
        "storeId": null,
        "value": "1259610%3A2b655d84412288fbe958082de502e0de806c65cf"
    }
]
