{
    "condor_error_log" : {
        "title" : "Condor Log Format (error.log)",
        "description" : "Log format used in error.log.",
        "url" : "http://example.com/log-format.html",
        "file-pattern": "error\\.log.*",
        "regex" : {
            "error" : {
                "pattern" :
                    "^(?<ts>\\d{4}-\\d{2}-\\d{2} \\d{2}:\\d{2}:\\d{2}(\\.|,)\\d{3}) (?<level>\\w+)[ ]+\\[(?<actor>[^\\]]*)\\]\\[(?<thread>[^\\]]*)\\] \\[(?<class>[^\\]]*)\\] at '(?<file>[^:]+):(?<line>[0-9]+)' (?<body>.*)"
            }
        },

        "timestamp-field": "ts",

        "timestamp-format": [
            "%Y-%m-%d %H:%M:%S,%L"
        ],

        "level": {
            "error": "ERROR",
            "info": "INFO",
            "debug": "DEBUG",
            "trace": "TRACE"
        },

        "value" : {
            "actor" : {
                "kind" : "string",
                "identifier" : true
            },
            "class" : {
                "kind" : "string",
                "identifier" : true
            },
            "thread" : {
                "kind" : "string",
                "identifier" : true
            },
            "file" : {
                "kind" : "string",
                "identifier" : true
            },
            "line" : {
                "kind" : "integer"
            },
            "body" : {
                "kind" : "string"
            }
        },

        "multiline": true,


        "sample" : [
            {
                "line" : "2017-07-10 11:06:44,999 ERROR [][pool-7-thread-1] [com.altron.hardware.driver.mina.MinaDriver] at 'MinaDriver.java:259' (0x00000003: ftd2xx serial, client, null => Ftd2xxAddress{devicePort=DevicePort{value=FT000007, type=SERIAL_NUMBER}, baudRate=FT_BAUD_9600, wordLength=BITS_8, stopBits=STOP_BITS_1, parity=PARITY_NONE, flowControl=FLOW_NONE, uXon=0, uXoff=0}) java.lang.OutOfMemoryError: GC overhead limit exceeded"
            }
        ]
    }
}
