{
    "condor_main_log" : {
        "title" : "Condor Log Format",
        "description" : "Log format used in condor.log, dm.log, ms.log.",
        "url" : "http://example.com/log-format.html",
        "file-pattern": "condor\\.log.*|ms\\.log.*|dm-[0-9]+.*\\.log",
        "regex" : {
            "basic" : {
                "pattern" : "^(?<ts>\\d{4}-\\d{2}-\\d{2} \\d{2}:\\d{2}:\\d{2}(\\.|,)\\d{3}) (?<level>\\w+)[ ]+\\[(?<actor>[^\\]]*)\\]\\[(?<class>[^\\]]+)\\] (?<body>.*)"
            }
        },

        "timestamp-field": "ts",

        "timestamp-format": [
            "%Y-%m-%d %H:%M:%S,%L"
        ],

        "level": {
            "error": "ERROR",
            "info": "INFO",
            "debug": "DEBUG",
            "trace": "TRACE"
        },

        "value" : {
            "actor" : {
                "kind" : "string",
                "identifier" : true
            },
            "class" : {
                "kind" : "string",
                "identifier" : true
            },
            "body" : {
                "kind" : "string"
            }
        },

        "multiline": true,


        "sample" : [
            {
                "line" : "2017-06-14 16:52:55,345 WARN  [akka://condor/user/supervisor][Supervisor] Beware! Using PowerDriverStub."
            },
            {
                "line" : "2017-06-14 16:52:55,591 DEBUG [akka://condor/user/supervisor][Supervisor] Created DeviceManager-5 creator: com.altron.ucrf.condor.device.manager.DeviceManager$@756c52ba"
            }
        ]
    }
}
