{
    "frontxp_main_log" : {
        "title" : "LIMG Log Format",
        "description" : "Log format used in limg.log.",
        "url" : "http://example.com/log-format.html",
        "file-pattern": "limg\\.log.*",
        "regex" : {
            "basic" : {
                "pattern" : "^(?<ts>\\d{4}-\\d{2}-\\d{2} \\d{2}:\\d{2}:\\d{2}(\\.|,)\\d{3}) (?<level>\\w+)[ ]+\\[(?<class>[^\\]]+)\\] (?<body>.*)"
            }
        },

        "timestamp-field": "ts",

        "timestamp-format": [
            "%Y-%m-%d %H:%M:%S,%L"
        ],

        "level": {
            "error": "ERROR",
            "info": "INFO",
            "debug": "DEBUG",
            "trace": "TRACE"
        },

        "value" : {
            "class" : {
                "kind" : "string",
                "identifier" : true
            },
            "body" : {
                "kind" : "string"
            }
        },

        "multiline": true,


        "sample" : [
            {
                "line" : "2018-01-17 15:28:24,497 ERROR [com.altron.ucrf.frontxp.web.controller.GlobalExceptionHandler] /api/v1/analyzers/41"
            },
            {
                "line" : "2018-01-17 15:22:35,457 INFO  [org.springframework.context.support.DefaultLifecycleProcessor] Starting beans in phase 0"
            }
        ]
    }
}
