{
  "json_log": {
    "title": "ITOP JSON log GW",
    "description": "ITOP JSON log GW",
    "json": true,
    "file-pattern": "itop.+\\.jsonl$",

    "level-field": "level",
    "level": {
      "critical": "Fatal",
      "error": "error",
      "warning": "WARN",
      "info": "info",
      "debug": "debug"
    },

    "timestamp-field": "@timestamp",
    "body-field": "message",
    "module-field": "compid",
    "opid-field": "requestId",

    "value": {
      "env": {
        "kind": "string",
        "hidden": true
      },
      "app": {
        "kind": "string",
        "hidden": true
      },
      "method": {
        "kind": "string",
        "hidden": true
      },

      
      "akkaAddress": {
        "kind": "string",
        "hidden": true
      },
      "sourceThread": {
        "kind": "string",
        "hidden": true
      },
      "akkaSource": {
        "kind": "string",
        "hidden": true
      },
      "akkaTimestamp": {
        "kind": "string",
        "hidden": true
      },
      "sourceActorSystem": {
        "kind": "string",
        "hidden": true
      },
      "threadname": {
        "kind": "string",
        "hidden": true
      },
      "EXTRACTOR_NAME": {
        "kind": "string",
        "hidden": true
      },
      "compid": {
        "kind": "string",
        "hidden": true
      },
      "prefix": {
        "kind": "string",
        "hidden": true
      },
      

      "requestId": {
        "kind": "string",
        "identifier": true,
        "hidden": false
      },
      "internalId": {
        "kind": "string",
        "identifier": true,
        "hidden": false
      },
      "requestMethod": {
        "kind": "string",
        "identifier": false,
        "hidden": true
      },
      "responseStatus": {
        "kind": "string",
        "identifier": false,
        "hidden": true
      },

      
      "uuid": {
        "kind": "string",
        "identifier": true,
        "hidden": true
      },

      "message":  {
        "kind": "string"
      }
    },


    "line-format": [
      {
        "field": "@timestamp"
      },
      " ",
      {
        "field": "level",
        "min-width": 6
      },
      " ",
      {
        "field": "requestId"
      },
      " ",
      {
        "field": "message"
      }
    ]
  }
}
