{"gtabs":[{"panes":[{"ptabs":[{"history":[{"dir":"/Users/anton_korovin/Downloads","file":"1.JPG","relpos":3,"ts":1648477881},{"dir":"/Users/anton_korovin","file":"Downloads","relpos":4,"ts":1648477881},{"dir":"/Users","file":"..","relpos":0,"ts":1648477881},{"dir":"/","file":"Users","relpos":3,"ts":1648477881},{"dir":"/Users","file":"anton_korovin","relpos":2,"ts":1648477881},{"dir":"/Users/anton_korovin","file":"Postman","relpos":11,"ts":1648477881},{"dir":"/Users/anton_korovin/Postman","file":"..","relpos":0,"ts":1648477881},{"dir":"/Users/anton_korovin","file":"Public","relpos":12,"ts":1648477881},{"dir":"/Users/anton_korovin/Public","file":"Drop Box","relpos":1,"ts":1648477881},{"dir":"/Users/anton_korovin/Public/Drop Box","file":"..","relpos":0,"ts":1648477881},{"dir":"/Users/anton_korovin/Public","file":"..","relpos":0,"ts":1648477881},{"dir":"/Users/anton_korovin","file":"bin","relpos":15,"ts":1648477881},{"dir":"/Users/anton_korovin/bin","file":"tmux_connect.sh","relpos":3,"ts":1648554818},{"dir":"/Users/anton_korovin","file":"bin","relpos":15,"ts":1648560150},{"dir":"/Users","file":"anton_korovin","relpos":2,"ts":1648560150},{"dir":"/","file":"System","relpos":2,"ts":1648560150},{"dir":"/Users/anton_korovin","file":"bin","relpos":15,"ts":1648560150},{"dir":"/Users","file":"anton_korovin","relpos":2,"ts":1648560150},{"dir":"/","file":"Users","relpos":3,"ts":1650615525},{"dir":"/System","file":"..","relpos":0,"ts":1650615525},{"dir":"/","file":"System","relpos":2,"ts":1650615525},{"dir":"/System","file":"..","relpos":0,"ts":1650615525},{"dir":"/Users","file":"anton_korovin","relpos":2,"ts":1650615525},{"dir":"/Users/anton_korovin","file":"bin","relpos":17,"ts":1650615525},{"dir":"/Users","file":"anton_korovin","relpos":2,"ts":1650615525},{"dir":"/Users/anton_korovin","file":"dev","relpos":18,"ts":1650615525},{"dir":"/Users/anton_korovin/dev","file":"db-backup","relpos":1,"ts":1650615525},{"dir":"/Users/anton_korovin","file":"dev","relpos":18,"ts":1650615525},{"dir":"/Users/anton_korovin/dev","file":"testing","relpos":8,"ts":1650615525},{"dir":"/Users","file":"anton_korovin","relpos":2,"ts":1650615525},{"dir":"/System","file":"..","relpos":0,"ts":1650615525},{"dir":"/","file":"System","relpos":2,"ts":1650615525},{"dir":"/System","file":"..","relpos":0,"ts":1650615525},{"dir":"/","file":"Users","relpos":3,"ts":1650615525},{"dir":"/Users","file":"anton_korovin","relpos":2,"ts":1650615525},{"dir":"/Users/anton_korovin","file":"dev","relpos":18,"ts":1650615525},{"dir":"/Users/anton_korovin/dev","file":"db-backup","relpos":1,"ts":1650615525},{"dir":"/Users/anton_korovin","file":"dev","relpos":18,"ts":1650615525},{"dir":"/Users/anton_korovin/dev","file":"testing","relpos":8,"ts":1650615525},{"dir":"/Users/anton_korovin/dev/testing","file":"5740-highlight-in-pdf","relpos":1,"ts":1652127955},{"dir":"/Users/anton_korovin/dev/testing/5740-highlight-in-pdf","file":"50388831415689gj","relpos":3,"ts":1652127955},{"dir":"/Users/anton_korovin/dev/testing/5740-highlight-in-pdf/50388831415689gj","file":"..","relpos":0,"ts":1652127955},{"dir":"/Users/anton_korovin/dev/testing/5740-highlight-in-pdf","file":"50388831415689gj","relpos":3,"ts":1652127955},{"dir":"/Users/anton_korovin/dev/testing","file":"5740-highlight-in-pdf","relpos":1,"ts":1652127955},{"dir":"/Users/anton_korovin/dev/testing/5740-highlight-in-pdf/50388831415689gj","file":"..","relpos":0,"ts":1652127955},{"dir":"/Users/anton_korovin/dev/testing/5740-highlight-in-pdf","file":"..","relpos":0,"ts":1652181492},{"dir":"/Users/anton_korovin/dev/testing","file":"..","relpos":0,"ts":1652181708},{"dir":"/Users/anton_korovin/dev","file":"testing","relpos":8,"ts":1652181708},{"dir":"/Users/anton_korovin/dev/testing","file":"..","relpos":0,"ts":1652181708},{"dir":"/Users/anton_korovin/dev","file":"testing","relpos":8,"ts":1652181708},{"dir":"/Users/anton_korovin/dev/iTOP-enrichment-conversion-service/src","file":"main","relpos":1,"ts":1652218602},{"dir":"/Users/anton_korovin/dev/iTOP-enrichment-conversion-service/src/main","file":"resources","relpos":1,"ts":1652218602},{"dir":"/Users/anton_korovin/dev/iTOP-enrichment-conversion-service/src/main/resources","file":"..","relpos":0,"ts":1652218602},{"dir":"/Users/anton_korovin/dev/iTOP-enrichment-conversion-service/src/main","file":"..","relpos":0,"ts":1652218602},{"dir":"/Users/anton_korovin/dev/iTOP-enrichment-conversion-service/src","file":"..","relpos":0,"ts":1652218602},{"dir":"/Users/anton_korovin/dev/iTOP-enrichment-conversion-service","file":"..","relpos":0,"ts":1652218602},{"dir":"/Users/anton_korovin/dev","file":"itop-charts","relpos":6,"ts":1652218602},{"dir":"/Users/anton_korovin/dev/itop-charts","file":"..","relpos":0,"ts":1652218602},{"dir":"/Users/anton_korovin/dev","file":"iTOP-wrapper-adapter","relpos":5,"ts":1652218602},{"dir":"/Users/anton_korovin/dev/iTOP-wrapper-adapter","file":"..","relpos":0,"ts":1652218602},{"dir":"/Users/anton_korovin/dev","file":"textract-lambdas","relpos":9,"ts":1652218602},{"dir":"/Users/anton_korovin/dev/textract-lambdas","file":"..","relpos":0,"ts":1652218602},{"dir":"/tmp","file":"tmux-501","relpos":6,"ts":1652218602},{"dir":"/Users/anton_korovin/dev/iTOP-enrichment-conversion-service/src/main/resources/EES","file":"..","relpos":0,"ts":1652218602},{"dir":"/Users/anton_korovin","file":"Movies","relpos":7,"ts":1652218602},{"dir":"/Users/anton_korovin/Movies","file":"..","relpos":0,"ts":1652218602},{"dir":"/Users/anton_korovin","file":"dev","relpos":18,"ts":1652218602},{"dir":"/Users/anton_korovin/dev","file":"iTOP-enrichment-conversion-service","relpos":2,"ts":1652218602},{"dir":"/Users/anton_korovin/dev/iTOP-enrichment-conversion-service","file":"src","relpos":2,"ts":1652218602},{"dir":"/Users/anton_korovin/dev/iTOP-enrichment-conversion-service/src","file":"main","relpos":1,"ts":1652218602},{"dir":"/Users/anton_korovin/dev/iTOP-enrichment-conversion-service/src/main","file":"resources","relpos":1,"ts":1652218602},{"dir":"/Users/anton_korovin/dev/iTOP-enrichment-conversion-service/src/main/resources","file":"EES","relpos":1,"ts":1652218602},{"dir":"/Users/anton_korovin/dev/iTOP-enrichment-conversion-service/src/main/resources/EES","file":"..","relpos":0,"ts":1652218602},{"dir":"/Users/anton_korovin/dev/iTOP-enrichment-conversion-service/src/main/resources","file":"..","relpos":0,"ts":1652218602},{"dir":"/Users/anton_korovin/dev/iTOP-enrichment-conversion-service/src/main","file":"..","relpos":0,"ts":1652218602},{"dir":"/Users/anton_korovin/dev/iTOP-enrichment-conversion-service","file":"..","relpos":0,"ts":1652218602},{"dir":"/Users/anton_korovin/dev","file":"itop-charts","relpos":6,"ts":1652218602},{"dir":"/Users/anton_korovin/dev/itop-charts","file":"..","relpos":0,"ts":1652218602},{"dir":"/Users/anton_korovin/dev","file":"iTOP-wrapper-adapter","relpos":5,"ts":1652218602},{"dir":"/Users/anton_korovin/dev/iTOP-wrapper-adapter","file":"..","relpos":0,"ts":1652218602},{"dir":"/Users/anton_korovin/dev","file":"textract-lambdas","relpos":9,"ts":1652218602},{"dir":"/Users/anton_korovin/dev/textract-lambdas","file":"..","relpos":0,"ts":1652218602},{"dir":"/tmp","file":"..","relpos":0,"ts":1652218602},{"dir":"/Users/anton_korovin/dev/iTOP-enrichment-conversion-service/src","file":"..","relpos":0,"ts":1652218602},{"dir":"/Users/anton_korovin","file":"Movies","relpos":7,"ts":1652218602},{"dir":"/Users/anton_korovin/Movies","file":"..","relpos":0,"ts":1652218602},{"dir":"/Users/anton_korovin","file":"dev","relpos":18,"ts":1652218602},{"dir":"/Users/anton_korovin/dev","file":"iTOP-enrichment-conversion-service","relpos":2,"ts":1652218602},{"dir":"/Users/anton_korovin/dev/iTOP-enrichment-conversion-service","file":"src","relpos":2,"ts":1652218602},{"dir":"/","file":"home","relpos":9,"ts":1652254240},{"dir":"/home","file":"..","relpos":0,"ts":1652254240},{"dir":"/","file":"Users","relpos":3,"ts":1652254240},{"dir":"/Users/anton_korovin","file":"Movies","relpos":7,"ts":1652254240},{"dir":"/Users/anton_korovin/Movies","file":"youtube","relpos":7,"ts":1652254240},{"dir":"/Users/anton_korovin/Movies/youtube","file":"..","relpos":0,"ts":1652254240},{"dir":"/Users/anton_korovin/Movies","file":"watched","relpos":6,"ts":1652259294},{"dir":"/Users/anton_korovin","file":"Movies","relpos":7,"ts":1652259294},{"dir":"/Users/anton_korovin/Movies","file":"Zelyonaya.Milya.1999.RUS.BDRip.XviD.AC3.-HQ-ViDEO.avi","relpos":31,"ts":1652262064},{"dir":"/tmp/tmux-501","file":"default","relpos":1,"ts":1652262170},{"dir":"/tmp","file":"tmp00007994","relpos":5,"ts":1652262170}],"filters":{"invert":true,"dot":true,"manual":"","auto":""},"last-location":"/tmp","sorting":[2],"preview":false}]},{"ptabs":[{"history":[{"dir":"/Users","file":"anton_korovin","relpos":2,"ts":1648478441},{"dir":"/Users/anton_korovin","file":"dev","relpos":16,"ts":1648478441},{"dir":"/Users/anton_korovin/dev","file":"testing","relpos":7,"ts":1648478441},{"dir":"/Users/anton_korovin/dev/testing","file":"5740-highlight-in-pdf","relpos":1,"ts":1648478441},{"dir":"/Users/anton_korovin/dev/testing/5740-highlight-in-pdf","file":"in","relpos":1,"ts":1648478441},{"dir":"/Users/anton_korovin/dev/testing/5740-highlight-in-pdf/in","file":"..","relpos":0,"ts":1648478441},{"dir":"/Users/anton_korovin/dev/testing/5740-highlight-in-pdf","file":"out","relpos":2,"ts":1648478441},{"dir":"/Users/anton_korovin/dev/testing/5740-highlight-in-pdf/out","file":"..","relpos":0,"ts":1648478441},{"dir":"/Users/anton_korovin/dev/testing/5740-highlight-in-pdf","file":"in","relpos":1,"ts":1648478441},{"dir":"/Users/anton_korovin/dev/testing/5740-highlight-in-pdf/in","file":"..","relpos":0,"ts":1648478441},{"dir":"/Users/anton_korovin/dev/testing/5740-highlight-in-pdf","file":"..","relpos":0,"ts":1648478441},{"dir":"/Users/anton_korovin/dev/testing","file":"..","relpos":0,"ts":1648478441},{"dir":"/Users/anton_korovin/dev","file":"db-backup","relpos":1,"ts":1648478441},{"dir":"/Users/anton_korovin/dev/db-backup","file":"..","relpos":0,"ts":1648478441},{"dir":"/cores","file":"..","relpos":0,"ts":1648478441},{"dir":"/Users/anton_korovin","file":"Pictures","relpos":10,"ts":1648554818},{"dir":"/Users/anton_korovin/Music","file":"..","relpos":0,"ts":1648554818},{"dir":"/Users/anton_korovin","file":"dev","relpos":16,"ts":1648554818},{"dir":"/Users/anton_korovin/dev","file":"iTOP-wrapper-adapter","relpos":5,"ts":1648554818},{"dir":"/Users/anton_korovin","file":"Music","relpos":8,"ts":1648554818},{"dir":"/Users/anton_korovin/Pictures","file":"..","relpos":0,"ts":1648554818},{"dir":"/Users/anton_korovin","file":"Pictures","relpos":10,"ts":1648554818},{"dir":"/Users/anton_korovin/Pictures","file":"..","relpos":0,"ts":1648554818},{"dir":"/Users/anton_korovin/Music","file":"..","relpos":0,"ts":1648554818},{"dir":"/Users/anton_korovin","file":"dev","relpos":16,"ts":1648554818},{"dir":"/Users/anton_korovin/dev","file":"iTOP-wrapper-adapter","relpos":5,"ts":1648554818},{"dir":"/Users/anton_korovin/Applications","file":"Chrome Apps.localized","relpos":1,"ts":1648560150},{"dir":"/Users/anton_korovin/Applications/Chrome Apps.localized","file":"..","relpos":0,"ts":1648560150},{"dir":"/Users/anton_korovin/Applications","file":"Chrome Apps.localized","relpos":1,"ts":1648560150},{"dir":"/Users/anton_korovin","file":"Applications","relpos":1,"ts":1648560150},{"dir":"/Users","file":"anton_korovin","relpos":2,"ts":1648560150},{"dir":"/","file":"Library","relpos":1,"ts":1648560150},{"dir":"/Library","file":"Updates","relpos":58,"ts":1648560150},{"dir":"/Users/anton_korovin/dev/iTOP-wrapper-adapter","file":"..","relpos":0,"ts":1648560150},{"dir":"/Users/anton_korovin/dev","file":"iTOP-wrapper-adapter","relpos":5,"ts":1648560150},{"dir":"/Users/anton_korovin","file":"dev","relpos":16,"ts":1648560150},{"dir":"/Users","file":"anton_korovin","relpos":2,"ts":1648560150},{"dir":"/Users/anton_korovin","file":"Applications","relpos":1,"ts":1648560150},{"dir":"/Users/anton_korovin/dev","file":"iTOP-wrapper-adapter","relpos":5,"ts":1648560150},{"dir":"/Users/anton_korovin","file":"dev","relpos":16,"ts":1648560150},{"dir":"/Users/anton_korovin/dev/iTOP-wrapper-adapter","file":"..","relpos":0,"ts":1648560150},{"dir":"/Users","file":"anton_korovin","relpos":2,"ts":1648560150},{"dir":"/Users/anton_korovin","file":"Applications","relpos":1,"ts":1648560150},{"dir":"/Users/anton_korovin/Applications","file":"Chrome Apps.localized","relpos":1,"ts":1648560150},{"dir":"/Users/anton_korovin/Applications/Chrome Apps.localized","file":"..","relpos":0,"ts":1648560150},{"dir":"/Users/anton_korovin/Applications","file":"Chrome Apps.localized","relpos":1,"ts":1648560150},{"dir":"/Users/anton_korovin","file":"Applications","relpos":1,"ts":1648560150},{"dir":"/Users","file":"anton_korovin","relpos":2,"ts":1648560150},{"dir":"/","file":"Library","relpos":1,"ts":1648560150},{"dir":"/Library","file":"Updates","relpos":58,"ts":1648560150},{"dir":"/","file":"home","relpos":9,"ts":1652181787},{"dir":"/Library/Updates","file":"..","relpos":0,"ts":1652181787},{"dir":"/Library","file":"..","relpos":0,"ts":1652181787},{"dir":"/home","file":"..","relpos":0,"ts":1652181787},{"dir":"/","file":"Users","relpos":3,"ts":1652181787},{"dir":"/Users","file":"anton_korovin","relpos":2,"ts":1652181787},{"dir":"/Users/anton_korovin","file":"research","relpos":20,"ts":1652181787},{"dir":"/Library/Updates","file":"..","relpos":0,"ts":1652181787},{"dir":"/Library","file":"..","relpos":0,"ts":1652181787},{"dir":"/","file":"home","relpos":9,"ts":1652181787},{"dir":"/home","file":"..","relpos":0,"ts":1652181787},{"dir":"/","file":"Users","relpos":3,"ts":1652181787},{"dir":"/Users","file":"anton_korovin","relpos":2,"ts":1652181787},{"dir":"/Users/anton_korovin","file":"work","relpos":21,"ts":1652197652},{"dir":"/Users/anton_korovin/work","file":"tasks","relpos":1,"ts":1652197652},{"dir":"/Users/anton_korovin/work/tasks","file":"6097-performance-impact-500","relpos":2,"ts":1652197652},{"dir":"/Users/anton_korovin/work/tasks/6097-performance-impact-500","file":"..","relpos":0,"ts":1652197652},{"dir":"/Users/anton_korovin/research","file":"..","relpos":0,"ts":1652197652},{"dir":"/Users/anton_korovin/work","file":"tasks","relpos":1,"ts":1652197652},{"dir":"/Users/anton_korovin/research","file":"..","relpos":0,"ts":1652197652},{"dir":"/Users/anton_korovin","file":"work","relpos":21,"ts":1652197652},{"dir":"/Users/anton_korovin/work/tasks","file":"6097-performance-impact-500","relpos":2,"ts":1652197652},{"dir":"/Users/anton_korovin/work/tasks/6097-performance-impact-500","file":"..","relpos":0,"ts":1652197652},{"dir":"/Users/anton_korovin/work/tasks","file":"..","relpos":0,"ts":1652211362},{"dir":"/Users/anton_korovin/work/tasks/5740-highlight-in-pdf/csv-out","file":"..","relpos":0,"ts":1652218602},{"dir":"/Users/anton_korovin/work/tasks/5740-highlight-in-pdf","file":"in","relpos":5,"ts":1652218602},{"dir":"/Users/anton_korovin/work/tasks/5740-highlight-in-pdf/in","file":"..","relpos":0,"ts":1652218602},{"dir":"/Users/anton_korovin/work/tasks/5740-highlight-in-pdf","file":"in","relpos":5,"ts":1652218602},{"dir":"/Users/anton_korovin/work/tasks/5740-highlight-in-pdf/in","file":"48784498.pdf","relpos":1,"ts":1652218602},{"dir":"/Users/anton_korovin/work","file":"tasks","relpos":1,"ts":1652218602},{"dir":"/Users/anton_korovin/work/tasks","file":"5740-highlight-in-pdf","relpos":1,"ts":1652218602},{"dir":"/Users/anton_korovin/work/tasks/5740-highlight-in-pdf","file":"json-in","relpos":6,"ts":1652218602},{"dir":"/Users/anton_korovin/work/tasks/5740-highlight-in-pdf/json-in","file":"..","relpos":0,"ts":1652218602},{"dir":"/Users/anton_korovin/work/tasks/5740-highlight-in-pdf","file":"csv-out","relpos":4,"ts":1652218602},{"dir":"/Users/anton_korovin/work","file":"tasks","relpos":1,"ts":1652218602},{"dir":"/Users/anton_korovin/work/tasks","file":"5740-highlight-in-pdf","relpos":1,"ts":1652218602},{"dir":"/Users/anton_korovin/work/tasks/5740-highlight-in-pdf","file":"json-in","relpos":6,"ts":1652218602},{"dir":"/Users/anton_korovin/work/tasks/5740-highlight-in-pdf/json-in","file":"..","relpos":0,"ts":1652218602},{"dir":"/Users/anton_korovin/work/tasks/5740-highlight-in-pdf","file":"csv-out","relpos":4,"ts":1652218602},{"dir":"/Users/anton_korovin/work/tasks/5740-highlight-in-pdf/csv-out","file":"..","relpos":0,"ts":1652218602},{"dir":"/Users/anton_korovin/work/tasks/5740-highlight-in-pdf","file":"in","relpos":5,"ts":1652218602},{"dir":"/Users/anton_korovin/work/tasks/5740-highlight-in-pdf/in","file":"48784498.pdf","relpos":1,"ts":1652218602},{"dir":"/Users/anton_korovin/work/tasks/5740-highlight-in-pdf","file":"in","relpos":5,"ts":1652218602},{"dir":"/Users/anton_korovin/Movies","file":"Роман с камнем.1984.BDRip.1080p.Rus.mkv","relpos":11,"ts":1652254240},{"dir":"/Users/anton_korovin","file":"Pictures","relpos":12,"ts":1652259294},{"dir":"/Users/anton_korovin/Pictures","file":"..","relpos":0,"ts":1652259740},{"dir":"/Users/anton_korovin","file":"Tools","relpos":15,"ts":1652259740},{"dir":"/Users/anton_korovin/Tools","file":"..","relpos":0,"ts":1652259740},{"dir":"/Users/anton_korovin/Pictures","file":"Photos Library.photoslibrary","relpos":1,"ts":1652259740},{"dir":"/Users/anton_korovin/Pictures/Photos Library.photoslibrary","file":"..","relpos":0,"ts":1652259740}],"filters":{"invert":true,"dot":true,"manual":"","auto":""},"last-location":"/Users/anton_korovin/work/tasks/5740-highlight-in-pdf/in","sorting":[2],"preview":false}]}],"active-pane":0,"preview":false,"splitter":{"pos":-1,"ratio":0.5,"orientation":"v","expanded":false}}],"trash":[{"trashed":"/Users/anton_korovin/.local/share/vifm/Trash/000_HTTP Request.jmx","original":"/Users/anton_korovin/bin/HTTP Request.jmx"},{"trashed":"/Users/anton_korovin/.local/share/vifm/Trash/000_[filmix.net] - Ловушка для свингеров_1.46.avi.torrent","original":"/Users/anton_korovin/dev/[filmix.net] - Ловушка для свингеров_1.46.avi.torrent"},{"trashed":"/Users/anton_korovin/.local/share/vifm/Trash/000_48784498.pdf","original":"/tmp/48784498.pdf"},{"trashed":"/Users/anton_korovin/.local/share/vifm/Trash/000_Машкова – как война разделяет семьи _ вДудь-xf16YdtLFvw.mp4.part","original":"/Users/anton_korovin/Movies/Машкова – как война разделяет семьи _ вДудь-xf16YdtLFvw.mp4.part"},{"trashed":"/Users/anton_korovin/.local/share/vifm/Trash/000_Человек во время войны _ вДудь-3kItbrHHVO8.mp4","original":"/Users/anton_korovin/Movies/Человек во время войны _ вДудь-3kItbrHHVO8.mp4"}],"marks":{"C":{"dir":"/Users/anton_korovin/dev/itop-charts","file":"..","ts":1652211889},"H":{"dir":"/Users/anton_korovin/","file":"..","ts":1648477324},"T":{"dir":"/Users/anton_korovin/dev/textract-lambdas","file":"..","ts":1652211918},"W":{"dir":"/Users/anton_korovin/dev/iTOP-wrapper-adapter","file":"..","ts":1652211901},"b":{"dir":"/Users/anton_korovin/bin/","file":"..","ts":1648477324},"h":{"dir":"/Users/anton_korovin/","file":"..","ts":1648477324},"t":{"dir":"/Users/anton_korovin/work/tasks","file":"5740-highlight-in-pdf","ts":1652211859},"z":{"dir":"/Users/anton_korovin/.config/vifm","file":"..","ts":1648477324}},"bmarks":{},"cmd-hist":[{"text":"delete ","ts":1648477881},{"text":"view","ts":1648478514},{"text":"history","ts":1648478514},{"text":"copy","ts":1648554818},{"text":"?","ts":1648554818},{"text":"cp ","ts":1648554818},{"text":"rename","ts":1648560150},{"text":"q","ts":1650615525},{"text":"fin","ts":1650615525},{"text":"grep tmstech.itop","ts":1650615525},{"text":"cd /tmp","ts":1652218602},{"text":"marks","ts":1652218602},{"text":"colorscheme darkdesert","ts":1652254240},{"text":"mkdir youtube","ts":1652254240},{"text":"help","ts":1652262170}],"search-hist":[{"text":"Pu","ts":1648477881},{"text":"P","ts":1648477881},{"text":"dev","ts":1652218602}],"regs":{"\"":["/Users/anton_korovin/work/tasks/5740-highlight-in-pdf/in/48784498.pdf","/Users/anton_korovin/work/tasks/5740-highlight-in-pdf/in/50388831415689gj.pdf"]},"dir-stack":[],"use-term-multiplexer":false}